<application>
  <component name="MavenWrapperMapping">
    <option name="mapping">
      <map>
        <entry key="https://repo.maven.apache.org/maven2/org/apache/maven/apache-maven/3.6.3/apache-maven-3.6.3-bin.zip" value="$USER_HOME$/.m2/wrapper/dists/apache-maven-3.6.3-bin/1iopthnavndlasol9gbrbg6bf2/apache-maven-3.6.3" />
        <entry key="https://repo.maven.apache.org/maven2/org/apache/maven/apache-maven/3.8.6/apache-maven-3.8.6-bin.zip" value="$USER_HOME$/.m2/wrapper/dists/apache-maven-3.8.6-bin/1ks0nkde5v1pk9vtc31i9d0lcd/apache-maven-3.8.6" />
        <entry key="https://repo.maven.apache.org/maven2/org/apache/maven/apache-maven/3.9.4/apache-maven-3.9.4-bin.zip" value="$USER_HOME$/.m2/wrapper/dists/apache-maven-3.9.4-bin/2vqnav6ufo1qvo5j2um40861m/apache-maven-3.9.4" />
        <entry key="https://repo.maven.apache.org/maven2/org/apache/maven/apache-maven/3.9.8/apache-maven-3.9.8-bin.zip" value="$USER_HOME$/.m2/wrapper/dists/apache-maven-3.9.8-bin/4fnp1ql35bgk2a0p7m31ovbgb0/apache-maven-3.9.8" />
      </map>
    </option>
  </component>
</application>