<application>
  <component name="DimensionService">
    <location key="find.popup.0.0.3584.2240@192dpi" x="758" y="346" />
    <location key="find.popup.1792.-320.3440.1440" x="2828" y="-111" />
    <location key="find.popup.-1264.-3384.6016.3384@192dpi" x="1776" y="-2928" />
    <location key="find.popup.0.0.6016.3384@192dpi" x="856" y="486" />
    <location key="find.popup.-3440.-320.3440.1440" x="-2951" y="-110" />
    <location key="find.popup.0.0.3360.2100@192dpi" x="1208" y="300" />
    <size key="find.popup.0.0.3584.2240@192dpi" width="2234" height="1386" />
    <size key="GridCell.Tab.0.left.0.0.3584.2240@192dpi" width="3544" height="600" />
    <size key="GridCell.Tab.0.center.0.0.3584.2240@192dpi" width="3544" height="600" />
    <size key="GridCell.Tab.0.right.0.0.3584.2240@192dpi" width="3544" height="600" />
    <size key="GridCell.Tab.0.bottom.0.0.3584.2240@192dpi" width="3544" height="600" />
    <size key="GridCell.Tab.1.left.0.0.3584.2240@192dpi" width="3544" height="600" />
    <size key="GridCell.Tab.1.center.0.0.3584.2240@192dpi" width="3544" height="600" />
    <size key="GridCell.Tab.1.right.0.0.3584.2240@192dpi" width="3544" height="600" />
    <size key="GridCell.Tab.1.bottom.0.0.3584.2240@192dpi" width="3544" height="600" />
    <size key="GridCell.Tab.0.left.1792.-320.3440.1440" width="1705" height="356" />
    <size key="GridCell.Tab.0.center.1792.-320.3440.1440" width="1705" height="356" />
    <size key="GridCell.Tab.0.right.1792.-320.3440.1440" width="1705" height="356" />
    <size key="GridCell.Tab.0.bottom.1792.-320.3440.1440" width="1705" height="356" />
    <size key="GridCell.Tab.1.left.1792.-320.3440.1440" width="1705" height="356" />
    <size key="GridCell.Tab.1.center.1792.-320.3440.1440" width="1705" height="356" />
    <size key="GridCell.Tab.1.right.1792.-320.3440.1440" width="1705" height="356" />
    <size key="GridCell.Tab.1.bottom.1792.-320.3440.1440" width="1705" height="356" />
    <size key="find.popup.1792.-320.3440.1440" width="1042" height="969" />
    <size key="find.popup.-1264.-3384.6016.3384@192dpi" width="1824" height="2284" />
    <size key="GridCell.Tab.0.left.-1264.-3384.6016.3384@192dpi" width="5976" height="1122" />
    <size key="GridCell.Tab.0.center.-1264.-3384.6016.3384@192dpi" width="5976" height="1122" />
    <size key="GridCell.Tab.0.right.-1264.-3384.6016.3384@192dpi" width="5976" height="1122" />
    <size key="GridCell.Tab.0.bottom.-1264.-3384.6016.3384@192dpi" width="5976" height="1122" />
    <size key="GridCell.Tab.1.left.-1264.-3384.6016.3384@192dpi" width="5968" height="1012" />
    <size key="GridCell.Tab.1.center.-1264.-3384.6016.3384@192dpi" width="5968" height="1012" />
    <size key="GridCell.Tab.1.right.-1264.-3384.6016.3384@192dpi" width="5968" height="1012" />
    <size key="GridCell.Tab.1.bottom.-1264.-3384.6016.3384@192dpi" width="5968" height="1012" />
    <size key="GridCell.Tab.0.left.0.0.6016.3384@192dpi" width="3544" height="890" />
    <size key="GridCell.Tab.0.center.0.0.6016.3384@192dpi" width="3544" height="890" />
    <size key="GridCell.Tab.0.right.0.0.6016.3384@192dpi" width="3544" height="890" />
    <size key="GridCell.Tab.0.bottom.0.0.6016.3384@192dpi" width="3544" height="890" />
    <size key="find.popup.0.0.6016.3384@192dpi" width="3750" height="2112" />
    <size key="GridCell.Tab.1.left.0.0.6016.3384@192dpi" width="5976" height="852" />
    <size key="GridCell.Tab.1.center.0.0.6016.3384@192dpi" width="5976" height="852" />
    <size key="GridCell.Tab.1.right.0.0.6016.3384@192dpi" width="5976" height="852" />
    <size key="GridCell.Tab.1.bottom.0.0.6016.3384@192dpi" width="5976" height="852" />
    <size key="find.popup.-3440.-320.3440.1440" width="1777" height="713" />
    <size key="find.popup.0.0.3360.2100@192dpi" width="1422" height="984" />
  </component>
  <component name="WindowManager">
    <frame x="10" y="35" width="1660" height="1005" />
  </component>
  <component name="WindowStateApplicationService">
    <state width="795" height="142" key="ShowUsagesActions.dimensionServiceKey" timestamp="1723191947932">
      <screen x="0" y="25" width="1792" height="1095" />
    </state>
    <state width="999" height="494" key="ShowUsagesActions.dimensionServiceKey/-632.-1667.3008.1667/0.25.1792.1095" timestamp="1720010632599" />
    <state width="795" height="142" key="ShowUsagesActions.dimensionServiceKey/0.25.1792.1095" timestamp="1723191947932" />
    <state width="766" height="765" key="ShowUsagesActions.dimensionServiceKey/0.25.3008.1667" timestamp="1720120479146" />
    <state width="852" height="142" key="ShowUsagesActions.dimensionServiceKey/1792.-295.3440.1415/0.25.1792.1095" timestamp="1720101573811" />
    <state x="840" y="489" width="1230" height="739" key="WELCOME_SCREEN" timestamp="1724179277563">
      <screen x="0" y="25" width="1680" height="1025" />
    </state>
    <state x="840" y="489" width="1230" height="739" key="WELCOME_SCREEN/0.25.1680.1025" timestamp="1724179277563" />
  </component>
</application>